"No.","Time","Source","Destination","Protocol","Length","Info"
"4","0.000446","127.0.0.1","127.0.0.1","TCP","65","60480  >  49614 [PSH, ACK] Seq=1 Ack=1 Win=2619648 Len=21"
"5","0.000469","127.0.0.1","127.0.0.1","TCP","44","49614  >  60480 [ACK] Seq=1 Ack=22 Win=2619648 Len=0"
"6","1.002058","127.0.0.1","127.0.0.1","TCP","47","49614  >  60480 [PSH, ACK] Seq=1 Ack=22 Win=2619648 Len=3"
"7","1.002122","127.0.0.1","127.0.0.1","TCP","44","60480  >  49614 [ACK] Seq=22 Ack=4 Win=2619648 Len=0"
"8","1.002370","127.0.0.1","127.0.0.1","TCP","56","60480  >  49614 [PSH, ACK] Seq=22 Ack=4 Win=2619648 Len=12"
"9","1.002418","127.0.0.1","127.0.0.1","TCP","44","49614  >  60480 [ACK] Seq=4 Ack=34 Win=2619648 Len=0"
"10","1.002468","127.0.0.1","127.0.0.1","TCP","56","60480  >  49614 [PSH, ACK] Seq=34 Ack=4 Win=2619648 Len=12"
"11","1.002499","127.0.0.1","127.0.0.1","TCP","44","49614  >  60480 [ACK] Seq=4 Ack=46 Win=2619648 Len=0"
